binary_field,intermediate_path,table_path
MsgHeaderCode01,signal.parsed.v1.raw.MsgHeaderCode01,hvac.fact_raw.payload_json.raw.MsgHeaderCode01
MsgHeaderCode02,signal.parsed.v1.raw.MsgHeaderCode02,hvac.fact_raw.payload_json.raw.MsgHeaderCode02
MsgLength,signal.parsed.v1.raw.MsgLength,hvac.fact_raw.payload_json.raw.MsgLength
MsgSrcDvcNo,signal.parsed.v1.raw.MsgSrcDvcNo,hvac.fact_raw.payload_json.raw.MsgSrcDvcNo
MsgHostDvcNo,signal.parsed.v1.raw.MsgHostDvcNo,hvac.fact_raw.payload_json.raw.MsgHostDvcNo
MsgType,signal.parsed.v1.raw.MsgType,hvac.fact_raw.payload_json.raw.MsgType
MsgFrameNo,signal.parsed.v1.raw.MsgFrameNo,hvac.fact_raw.payload_json.raw.MsgFrameNo
MsgLineNo,signal.parsed.v1.raw.MsgLineNo,hvac.fact_raw.payload_json.raw.MsgLineNo
MsgTrainType,signal.parsed.v1.raw.MsgTrainType,hvac.fact_raw.payload_json.raw.MsgTrainType
MsgTrainNo,signal.parsed.v1.raw.MsgTrainNo,hvac.fact_raw.payload_json.raw.MsgTrainNo
MsgCarriageNo,signal.parsed.v1.raw.MsgCarriageNo,hvac.fact_raw.payload_json.raw.MsgCarriageNo
MsgProtocalVersion,signal.parsed.v1.raw.MsgProtocalVersion,hvac.fact_raw.payload_json.raw.MsgProtocalVersion
MsgReversed1,signal.parsed.v1.raw.MsgReversed1,hvac.fact_raw.payload_json.raw.MsgReversed1
MsgReversed2,signal.parsed.v1.raw.MsgReversed2,hvac.fact_raw.payload_json.raw.MsgReversed2
MsgReversed3,signal.parsed.v1.raw.MsgReversed3,hvac.fact_raw.payload_json.raw.MsgReversed3
MsgReversed4,signal.parsed.v1.raw.MsgReversed4,hvac.fact_raw.payload_json.raw.MsgReversed4
MsgReversed5,signal.parsed.v1.raw.MsgReversed5,hvac.fact_raw.payload_json.raw.MsgReversed5
MsgSrcDvcYear,signal.parsed.v1.raw.MsgSrcDvcYear,hvac.fact_raw.payload_json.raw.MsgSrcDvcYear
MsgSrcDvcMonth,signal.parsed.v1.raw.MsgSrcDvcMonth,hvac.fact_raw.payload_json.raw.MsgSrcDvcMonth
MsgSrcDvcDay,signal.parsed.v1.raw.MsgSrcDvcDay,hvac.fact_raw.payload_json.raw.MsgSrcDvcDay
MsgSrcDvcHour,signal.parsed.v1.raw.MsgSrcDvcHour,hvac.fact_raw.payload_json.raw.MsgSrcDvcHour
MsgSrcDvcMinute,signal.parsed.v1.raw.MsgSrcDvcMinute,hvac.fact_raw.payload_json.raw.MsgSrcDvcMinute
MsgSrcDvcSecond,signal.parsed.v1.raw.MsgSrcDvcSecond,hvac.fact_raw.payload_json.raw.MsgSrcDvcSecond
DvcFlag,signal.parsed.v1.raw.DvcFlag,hvac.fact_raw.payload_json.raw.DvcFlag
DvcTrainNo,signal.parsed.v1.raw.DvcTrainNo,hvac.fact_raw.payload_json.raw.DvcTrainNo
DvcCarriageNo,signal.parsed.v1.raw.DvcCarriageNo,hvac.fact_raw.payload_json.raw.DvcCarriageNo
DvcYear,signal.parsed.v1.raw.DvcYear,hvac.fact_raw.payload_json.raw.DvcYear
DvcMonth,signal.parsed.v1.raw.DvcMonth,hvac.fact_raw.payload_json.raw.DvcMonth
DvcDay,signal.parsed.v1.raw.DvcDay,hvac.fact_raw.payload_json.raw.DvcDay
DvcHour,signal.parsed.v1.raw.DvcHour,hvac.fact_raw.payload_json.raw.DvcHour
DvcMinute,signal.parsed.v1.raw.DvcMinute,hvac.fact_raw.payload_json.raw.DvcMinute
DvcSecond,signal.parsed.v1.raw.DvcSecond,hvac.fact_raw.payload_json.raw.DvcSecond
IgRsv0,signal.parsed.v1.raw.IgRsv0,hvac.fact_raw.payload_json.raw.IgRsv0
IgRsv1,signal.parsed.v1.raw.IgRsv1,hvac.fact_raw.payload_json.raw.IgRsv1
CfbkEfU11,signal.parsed.v1.raw.CfbkEfU11,hvac.fact_raw.payload_json.raw.CfbkEfU11
IgRsv2,signal.parsed.v1.raw.IgRsv2,hvac.fact_raw.payload_json.raw.IgRsv2
CfbkCfU11,signal.parsed.v1.raw.CfbkCfU11,hvac.fact_raw.payload_json.raw.CfbkCfU11
IgRsv3,signal.parsed.v1.raw.IgRsv3,hvac.fact_raw.payload_json.raw.IgRsv3
CfbkCompU11,signal.parsed.v1.raw.CfbkCompU11,hvac.fact_raw.payload_json.raw.CfbkCompU11
CfbkCompU12,signal.parsed.v1.raw.CfbkCompU12,hvac.fact_raw.payload_json.raw.CfbkCompU12
CfbkApU11,signal.parsed.v1.raw.CfbkApU11,hvac.fact_raw.payload_json.raw.CfbkApU11
IgRsv4,signal.parsed.v1.raw.IgRsv4,hvac.fact_raw.payload_json.raw.IgRsv4
CfbkEfU21,signal.parsed.v1.raw.CfbkEfU21,hvac.fact_raw.payload_json.raw.CfbkEfU21
IgRsv5,signal.parsed.v1.raw.IgRsv5,hvac.fact_raw.payload_json.raw.IgRsv5
CfbkCfU21,signal.parsed.v1.raw.CfbkCfU21,hvac.fact_raw.payload_json.raw.CfbkCfU21
IgRsv6,signal.parsed.v1.raw.IgRsv6,hvac.fact_raw.payload_json.raw.IgRsv6
CfbkCompU21,signal.parsed.v1.raw.CfbkCompU21,hvac.fact_raw.payload_json.raw.CfbkCompU21
CfbkCompU22,signal.parsed.v1.raw.CfbkCompU22,hvac.fact_raw.payload_json.raw.CfbkCompU22
CfbkApU21,signal.parsed.v1.raw.CfbkApU21,hvac.fact_raw.payload_json.raw.CfbkApU21
IgRsv7,signal.parsed.v1.raw.IgRsv7,hvac.fact_raw.payload_json.raw.IgRsv7
CfbkTppU1,signal.parsed.v1.raw.CfbkTppU1,hvac.fact_raw.payload_json.raw.CfbkTppU1
CfbkTppU2,signal.parsed.v1.raw.CfbkTppU2,hvac.fact_raw.payload_json.raw.CfbkTppU2
CfbkEvU1,signal.parsed.v1.raw.CfbkEvU1,hvac.fact_raw.payload_json.raw.CfbkEvU1
CfbkEvU2,signal.parsed.v1.raw.CfbkEvU2,hvac.fact_raw.payload_json.raw.CfbkEvU2
CfbkEwd,signal.parsed.v1.raw.CfbkEwd,hvac.fact_raw.payload_json.raw.CfbkEwd
CfbkExufan,signal.parsed.v1.raw.CfbkExufan,hvac.fact_raw.payload_json.raw.CfbkExufan
IgRsv9,signal.parsed.v1.raw.IgRsv9,hvac.fact_raw.payload_json.raw.IgRsv9
IgRsv10,signal.parsed.v1.raw.IgRsv10,hvac.fact_raw.payload_json.raw.IgRsv10
BocfltEfU11,signal.parsed.v1.raw.BocfltEfU11,hvac.fact_raw.payload_json.raw.BocfltEfU11
BocfltEfU12,signal.parsed.v1.raw.BocfltEfU12,hvac.fact_raw.payload_json.raw.BocfltEfU12
BocfltCfU11,signal.parsed.v1.raw.BocfltCfU11,hvac.fact_raw.payload_json.raw.BocfltCfU11
BocfltCfU12,signal.parsed.v1.raw.BocfltCfU12,hvac.fact_raw.payload_json.raw.BocfltCfU12
BfltVfdU11,signal.parsed.v1.raw.BfltVfdU11,hvac.fact_raw.payload_json.raw.BfltVfdU11
BfltVfdComU11,signal.parsed.v1.raw.BfltVfdComU11,hvac.fact_raw.payload_json.raw.BfltVfdComU11
BfltVfdU12,signal.parsed.v1.raw.BfltVfdU12,hvac.fact_raw.payload_json.raw.BfltVfdU12
BfltVfdComU12,signal.parsed.v1.raw.BfltVfdComU12,hvac.fact_raw.payload_json.raw.BfltVfdComU12
BlpfltCompU11,signal.parsed.v1.raw.BlpfltCompU11,hvac.fact_raw.payload_json.raw.BlpfltCompU11
BscfltCompU11,signal.parsed.v1.raw.BscfltCompU11,hvac.fact_raw.payload_json.raw.BscfltCompU11
BscfltVentU11,signal.parsed.v1.raw.BscfltVentU11,hvac.fact_raw.payload_json.raw.BscfltVentU11
BlpfltCompU12,signal.parsed.v1.raw.BlpfltCompU12,hvac.fact_raw.payload_json.raw.BlpfltCompU12
BscfltCompU12,signal.parsed.v1.raw.BscfltCompU12,hvac.fact_raw.payload_json.raw.BscfltCompU12
BscfltVentU12,signal.parsed.v1.raw.BscfltVentU12,hvac.fact_raw.payload_json.raw.BscfltVentU12
BfltFadU11,signal.parsed.v1.raw.BfltFadU11,hvac.fact_raw.payload_json.raw.BfltFadU11
BfltFadU12,signal.parsed.v1.raw.BfltFadU12,hvac.fact_raw.payload_json.raw.BfltFadU12
IgRsv11,signal.parsed.v1.raw.IgRsv11,hvac.fact_raw.payload_json.raw.IgRsv11
IgRsv12,signal.parsed.v1.raw.IgRsv12,hvac.fact_raw.payload_json.raw.IgRsv12
BfltRadU11,signal.parsed.v1.raw.BfltRadU11,hvac.fact_raw.payload_json.raw.BfltRadU11
BfltRadU12,signal.parsed.v1.raw.BfltRadU12,hvac.fact_raw.payload_json.raw.BfltRadU12
IgRsv13,signal.parsed.v1.raw.IgRsv13,hvac.fact_raw.payload_json.raw.IgRsv13
IgRsv14,signal.parsed.v1.raw.IgRsv14,hvac.fact_raw.payload_json.raw.IgRsv14
BfltApU11,signal.parsed.v1.raw.BfltApU11,hvac.fact_raw.payload_json.raw.BfltApU11
IgRsv15,signal.parsed.v1.raw.IgRsv15,hvac.fact_raw.payload_json.raw.IgRsv15
BfltExpboardU1,signal.parsed.v1.raw.BfltExpboardU1,hvac.fact_raw.payload_json.raw.BfltExpboardU1
BfltFrstempU1,signal.parsed.v1.raw.BfltFrstempU1,hvac.fact_raw.payload_json.raw.BfltFrstempU1
BfltRnttempU1,signal.parsed.v1.raw.BfltRnttempU1,hvac.fact_raw.payload_json.raw.BfltRnttempU1
BfltSplytempU11,signal.parsed.v1.raw.BfltSplytempU11,hvac.fact_raw.payload_json.raw.BfltSplytempU11
BfltSplytempU12,signal.parsed.v1.raw.BfltSplytempU12,hvac.fact_raw.payload_json.raw.BfltSplytempU12
BfltCoiltempU11,signal.parsed.v1.raw.BfltCoiltempU11,hvac.fact_raw.payload_json.raw.BfltCoiltempU11
BfltCoiltempU12,signal.parsed.v1.raw.BfltCoiltempU12,hvac.fact_raw.payload_json.raw.BfltCoiltempU12
BfltInsptempU11,signal.parsed.v1.raw.BfltInsptempU11,hvac.fact_raw.payload_json.raw.BfltInsptempU11
BfltInsptempU12,signal.parsed.v1.raw.BfltInsptempU12,hvac.fact_raw.payload_json.raw.BfltInsptempU12
BfltLowpresU11,signal.parsed.v1.raw.BfltLowpresU11,hvac.fact_raw.payload_json.raw.BfltLowpresU11
BfltLowpresU12,signal.parsed.v1.raw.BfltLowpresU12,hvac.fact_raw.payload_json.raw.BfltLowpresU12
BfltHighpresU11,signal.parsed.v1.raw.BfltHighpresU11,hvac.fact_raw.payload_json.raw.BfltHighpresU11
BfltHighpresU12,signal.parsed.v1.raw.BfltHighpresU12,hvac.fact_raw.payload_json.raw.BfltHighpresU12
BfltDiffpresU1,signal.parsed.v1.raw.BfltDiffpresU1,hvac.fact_raw.payload_json.raw.BfltDiffpresU1
BocfltEfU21,signal.parsed.v1.raw.BocfltEfU21,hvac.fact_raw.payload_json.raw.BocfltEfU21
BocfltEfU22,signal.parsed.v1.raw.BocfltEfU22,hvac.fact_raw.payload_json.raw.BocfltEfU22
BocfltCfU21,signal.parsed.v1.raw.BocfltCfU21,hvac.fact_raw.payload_json.raw.BocfltCfU21
BocfltCfU22,signal.parsed.v1.raw.BocfltCfU22,hvac.fact_raw.payload_json.raw.BocfltCfU22
BfltVfdU21,signal.parsed.v1.raw.BfltVfdU21,hvac.fact_raw.payload_json.raw.BfltVfdU21
BfltVfdComU21,signal.parsed.v1.raw.BfltVfdComU21,hvac.fact_raw.payload_json.raw.BfltVfdComU21
BfltVfdU22,signal.parsed.v1.raw.BfltVfdU22,hvac.fact_raw.payload_json.raw.BfltVfdU22
BfltVfdComU22,signal.parsed.v1.raw.BfltVfdComU22,hvac.fact_raw.payload_json.raw.BfltVfdComU22
BlpfltCompU21,signal.parsed.v1.raw.BlpfltCompU21,hvac.fact_raw.payload_json.raw.BlpfltCompU21
BscfltCompU21,signal.parsed.v1.raw.BscfltCompU21,hvac.fact_raw.payload_json.raw.BscfltCompU21
BscfltVentU21,signal.parsed.v1.raw.BscfltVentU21,hvac.fact_raw.payload_json.raw.BscfltVentU21
BlpfltCompU22,signal.parsed.v1.raw.BlpfltCompU22,hvac.fact_raw.payload_json.raw.BlpfltCompU22
BscfltCompU22,signal.parsed.v1.raw.BscfltCompU22,hvac.fact_raw.payload_json.raw.BscfltCompU22
BscfltVentU22,signal.parsed.v1.raw.BscfltVentU22,hvac.fact_raw.payload_json.raw.BscfltVentU22
BfltFadU21,signal.parsed.v1.raw.BfltFadU21,hvac.fact_raw.payload_json.raw.BfltFadU21
BfltFadU22,signal.parsed.v1.raw.BfltFadU22,hvac.fact_raw.payload_json.raw.BfltFadU22
IgRsv16,signal.parsed.v1.raw.IgRsv16,hvac.fact_raw.payload_json.raw.IgRsv16
IgRsv17,signal.parsed.v1.raw.IgRsv17,hvac.fact_raw.payload_json.raw.IgRsv17
BfltRadU21,signal.parsed.v1.raw.BfltRadU21,hvac.fact_raw.payload_json.raw.BfltRadU21
BfltRadU22,signal.parsed.v1.raw.BfltRadU22,hvac.fact_raw.payload_json.raw.BfltRadU22
IgRsv18,signal.parsed.v1.raw.IgRsv18,hvac.fact_raw.payload_json.raw.IgRsv18
IgRsv19,signal.parsed.v1.raw.IgRsv19,hvac.fact_raw.payload_json.raw.IgRsv19
BfltApU21,signal.parsed.v1.raw.BfltApU21,hvac.fact_raw.payload_json.raw.BfltApU21
IgRsv20,signal.parsed.v1.raw.IgRsv20,hvac.fact_raw.payload_json.raw.IgRsv20
BfltExpboardU2,signal.parsed.v1.raw.BfltExpboardU2,hvac.fact_raw.payload_json.raw.BfltExpboardU2
BfltFrstempU2,signal.parsed.v1.raw.BfltFrstempU2,hvac.fact_raw.payload_json.raw.BfltFrstempU2
BfltRnttempU2,signal.parsed.v1.raw.BfltRnttempU2,hvac.fact_raw.payload_json.raw.BfltRnttempU2
BfltSplytempU21,signal.parsed.v1.raw.BfltSplytempU21,hvac.fact_raw.payload_json.raw.BfltSplytempU21
BfltSplytempU22,signal.parsed.v1.raw.BfltSplytempU22,hvac.fact_raw.payload_json.raw.BfltSplytempU22
BfltCoiltempU21,signal.parsed.v1.raw.BfltCoiltempU21,hvac.fact_raw.payload_json.raw.BfltCoiltempU21
BfltCoiltempU22,signal.parsed.v1.raw.BfltCoiltempU22,hvac.fact_raw.payload_json.raw.BfltCoiltempU22
BfltInsptempU21,signal.parsed.v1.raw.BfltInsptempU21,hvac.fact_raw.payload_json.raw.BfltInsptempU21
BfltInsptempU22,signal.parsed.v1.raw.BfltInsptempU22,hvac.fact_raw.payload_json.raw.BfltInsptempU22
BfltLowpresU21,signal.parsed.v1.raw.BfltLowpresU21,hvac.fact_raw.payload_json.raw.BfltLowpresU21
BfltLowpresU22,signal.parsed.v1.raw.BfltLowpresU22,hvac.fact_raw.payload_json.raw.BfltLowpresU22
BfltHighpresU21,signal.parsed.v1.raw.BfltHighpresU21,hvac.fact_raw.payload_json.raw.BfltHighpresU21
BfltHighpresU22,signal.parsed.v1.raw.BfltHighpresU22,hvac.fact_raw.payload_json.raw.BfltHighpresU22
BfltDiffpresU2,signal.parsed.v1.raw.BfltDiffpresU2,hvac.fact_raw.payload_json.raw.BfltDiffpresU2
BfltEmergivt,signal.parsed.v1.raw.BfltEmergivt,hvac.fact_raw.payload_json.raw.BfltEmergivt
IgRsv240,signal.parsed.v1.raw.IgRsv240,hvac.fact_raw.payload_json.raw.IgRsv240
IgRsv241,signal.parsed.v1.raw.IgRsv241,hvac.fact_raw.payload_json.raw.IgRsv241
IgRsv242,signal.parsed.v1.raw.IgRsv242,hvac.fact_raw.payload_json.raw.IgRsv242
BfltVehtempU1,signal.parsed.v1.raw.BfltVehtempU1,hvac.fact_raw.payload_json.raw.BfltVehtempU1
IgRsv251,signal.parsed.v1.raw.IgRsv251,hvac.fact_raw.payload_json.raw.IgRsv251
BfltVehtempU2,signal.parsed.v1.raw.BfltVehtempU2,hvac.fact_raw.payload_json.raw.BfltVehtempU2
IgRsv252,signal.parsed.v1.raw.IgRsv252,hvac.fact_raw.payload_json.raw.IgRsv252
BfltAirmonU1,signal.parsed.v1.raw.BfltAirmonU1,hvac.fact_raw.payload_json.raw.BfltAirmonU1
BfltAirmonU2,signal.parsed.v1.raw.BfltAirmonU2,hvac.fact_raw.payload_json.raw.BfltAirmonU2
BfltCurrentmon,signal.parsed.v1.raw.BfltCurrentmon,hvac.fact_raw.payload_json.raw.BfltCurrentmon
BfltTcms,signal.parsed.v1.raw.BfltTcms,hvac.fact_raw.payload_json.raw.BfltTcms
IgRsv26,signal.parsed.v1.raw.IgRsv26,hvac.fact_raw.payload_json.raw.IgRsv26
IgRsv27,signal.parsed.v1.raw.IgRsv27,hvac.fact_raw.payload_json.raw.IgRsv27
IgRsv28,signal.parsed.v1.raw.IgRsv28,hvac.fact_raw.payload_json.raw.IgRsv28
BfltTempover,signal.parsed.v1.raw.BfltTempover,hvac.fact_raw.payload_json.raw.BfltTempover
BfltPowersupplyU1,signal.parsed.v1.raw.BfltPowersupplyU1,hvac.fact_raw.payload_json.raw.BfltPowersupplyU1
BfltPowersupplyU2,signal.parsed.v1.raw.BfltPowersupplyU2,hvac.fact_raw.payload_json.raw.BfltPowersupplyU2
BfltExhaustfan,signal.parsed.v1.raw.BfltExhaustfan,hvac.fact_raw.payload_json.raw.BfltExhaustfan
BfltExhaustval,signal.parsed.v1.raw.BfltExhaustval,hvac.fact_raw.payload_json.raw.BfltExhaustval
IgRsv29,signal.parsed.v1.raw.IgRsv29,hvac.fact_raw.payload_json.raw.IgRsv29
IgRsv30,signal.parsed.v1.raw.IgRsv30,hvac.fact_raw.payload_json.raw.IgRsv30
IgRsv31,signal.parsed.v1.raw.IgRsv31,hvac.fact_raw.payload_json.raw.IgRsv31
IgRsv32,signal.parsed.v1.raw.IgRsv32,hvac.fact_raw.payload_json.raw.IgRsv32
IgRsv33,signal.parsed.v1.raw.IgRsv33,hvac.fact_raw.payload_json.raw.IgRsv33
FasSys,signal.parsed.v1.raw.FasSys,hvac.fact_raw.payload_json.raw.FasSys
RasSys,signal.parsed.v1.raw.RasSys,hvac.fact_raw.payload_json.raw.RasSys
Tic,signal.parsed.v1.raw.Tic,hvac.fact_raw.payload_json.raw.Tic
Load,signal.parsed.v1.raw.Load,hvac.fact_raw.payload_json.raw.Load
Wrsv42,signal.parsed.v1.raw.Wrsv42,hvac.fact_raw.payload_json.raw.Wrsv42
Tveh1,signal.parsed.v1.raw.Tveh1,hvac.fact_raw.payload_json.raw.Tveh1
Humdity1,signal.parsed.v1.raw.Humdity1,hvac.fact_raw.payload_json.raw.Humdity1
Tveh2,signal.parsed.v1.raw.Tveh2,hvac.fact_raw.payload_json.raw.Tveh2
Humdity2,signal.parsed.v1.raw.Humdity2,hvac.fact_raw.payload_json.raw.Humdity2
AqTU1,signal.parsed.v1.raw.AqTU1,hvac.fact_raw.payload_json.raw.AqTU1
AqHU1,signal.parsed.v1.raw.AqHU1,hvac.fact_raw.payload_json.raw.AqHU1
AqCo2U1,signal.parsed.v1.raw.AqCo2U1,hvac.fact_raw.payload_json.raw.AqCo2U1
AqTvocU1,signal.parsed.v1.raw.AqTvocU1,hvac.fact_raw.payload_json.raw.AqTvocU1
AqFormaldU1,signal.parsed.v1.raw.AqFormaldU1,hvac.fact_raw.payload_json.raw.AqFormaldU1
AqPm25U1,signal.parsed.v1.raw.AqPm25U1,hvac.fact_raw.payload_json.raw.AqPm25U1
AqPm10U1,signal.parsed.v1.raw.AqPm10U1,hvac.fact_raw.payload_json.raw.AqPm10U1
AqRsvU1,signal.parsed.v1.raw.AqRsvU1,hvac.fact_raw.payload_json.raw.AqRsvU1
WmodeU1,signal.parsed.v1.raw.WmodeU1,hvac.fact_raw.payload_json.raw.WmodeU1
PresdiffU1,signal.parsed.v1.raw.PresdiffU1,hvac.fact_raw.payload_json.raw.PresdiffU1
FasU1,signal.parsed.v1.raw.FasU1,hvac.fact_raw.payload_json.raw.FasU1
RasU1,signal.parsed.v1.raw.RasU1,hvac.fact_raw.payload_json.raw.RasU1
FadposU1,signal.parsed.v1.raw.FadposU1,hvac.fact_raw.payload_json.raw.FadposU1
RadposU1,signal.parsed.v1.raw.RadposU1,hvac.fact_raw.payload_json.raw.RadposU1
FCpU11,signal.parsed.v1.raw.FCpU11,hvac.fact_raw.payload_json.raw.FCpU11
ICpU11,signal.parsed.v1.raw.ICpU11,hvac.fact_raw.payload_json.raw.ICpU11
VCpU11,signal.parsed.v1.raw.VCpU11,hvac.fact_raw.payload_json.raw.VCpU11
PCpU11,signal.parsed.v1.raw.PCpU11,hvac.fact_raw.payload_json.raw.PCpU11
SucktU11,signal.parsed.v1.raw.SucktU11,hvac.fact_raw.payload_json.raw.SucktU11
SuckpU11,signal.parsed.v1.raw.SuckpU11,hvac.fact_raw.payload_json.raw.SuckpU11
SpU11,signal.parsed.v1.raw.SpU11,hvac.fact_raw.payload_json.raw.SpU11
EevposU11,signal.parsed.v1.raw.EevposU11,hvac.fact_raw.payload_json.raw.EevposU11
HighpressU11,signal.parsed.v1.raw.HighpressU11,hvac.fact_raw.payload_json.raw.HighpressU11
SasU11,signal.parsed.v1.raw.SasU11,hvac.fact_raw.payload_json.raw.SasU11
IcesU11,signal.parsed.v1.raw.IcesU11,hvac.fact_raw.payload_json.raw.IcesU11
FCpU12,signal.parsed.v1.raw.FCpU12,hvac.fact_raw.payload_json.raw.FCpU12
ICpU12,signal.parsed.v1.raw.ICpU12,hvac.fact_raw.payload_json.raw.ICpU12
VCpU12,signal.parsed.v1.raw.VCpU12,hvac.fact_raw.payload_json.raw.VCpU12
PCpU12,signal.parsed.v1.raw.PCpU12,hvac.fact_raw.payload_json.raw.PCpU12
SucktU12,signal.parsed.v1.raw.SucktU12,hvac.fact_raw.payload_json.raw.SucktU12
SuckpU12,signal.parsed.v1.raw.SuckpU12,hvac.fact_raw.payload_json.raw.SuckpU12
SpU12,signal.parsed.v1.raw.SpU12,hvac.fact_raw.payload_json.raw.SpU12
EevposU12,signal.parsed.v1.raw.EevposU12,hvac.fact_raw.payload_json.raw.EevposU12
HighpressU12,signal.parsed.v1.raw.HighpressU12,hvac.fact_raw.payload_json.raw.HighpressU12
SasU12,signal.parsed.v1.raw.SasU12,hvac.fact_raw.payload_json.raw.SasU12
IcesU12,signal.parsed.v1.raw.IcesU12,hvac.fact_raw.payload_json.raw.IcesU12
Wrsv124,signal.parsed.v1.raw.Wrsv124,hvac.fact_raw.payload_json.raw.Wrsv124
AqTU2,signal.parsed.v1.raw.AqTU2,hvac.fact_raw.payload_json.raw.AqTU2
AqHU2,signal.parsed.v1.raw.AqHU2,hvac.fact_raw.payload_json.raw.AqHU2
AqCo2U2,signal.parsed.v1.raw.AqCo2U2,hvac.fact_raw.payload_json.raw.AqCo2U2
AqTvocU2,signal.parsed.v1.raw.AqTvocU2,hvac.fact_raw.payload_json.raw.AqTvocU2
AqFormaldU2,signal.parsed.v1.raw.AqFormaldU2,hvac.fact_raw.payload_json.raw.AqFormaldU2
AqPm25U2,signal.parsed.v1.raw.AqPm25U2,hvac.fact_raw.payload_json.raw.AqPm25U2
AqPm10U2,signal.parsed.v1.raw.AqPm10U2,hvac.fact_raw.payload_json.raw.AqPm10U2
AqRsvU2,signal.parsed.v1.raw.AqRsvU2,hvac.fact_raw.payload_json.raw.AqRsvU2
WmodeU2,signal.parsed.v1.raw.WmodeU2,hvac.fact_raw.payload_json.raw.WmodeU2
PresdiffU2,signal.parsed.v1.raw.PresdiffU2,hvac.fact_raw.payload_json.raw.PresdiffU2
FasU2,signal.parsed.v1.raw.FasU2,hvac.fact_raw.payload_json.raw.FasU2
RasU2,signal.parsed.v1.raw.RasU2,hvac.fact_raw.payload_json.raw.RasU2
FadposU2,signal.parsed.v1.raw.FadposU2,hvac.fact_raw.payload_json.raw.FadposU2
RadposU2,signal.parsed.v1.raw.RadposU2,hvac.fact_raw.payload_json.raw.RadposU2
FCpU21,signal.parsed.v1.raw.FCpU21,hvac.fact_raw.payload_json.raw.FCpU21
ICpU21,signal.parsed.v1.raw.ICpU21,hvac.fact_raw.payload_json.raw.ICpU21
VCpU21,signal.parsed.v1.raw.VCpU21,hvac.fact_raw.payload_json.raw.VCpU21
PCpU21,signal.parsed.v1.raw.PCpU21,hvac.fact_raw.payload_json.raw.PCpU21
SucktU21,signal.parsed.v1.raw.SucktU21,hvac.fact_raw.payload_json.raw.SucktU21
SuckpU21,signal.parsed.v1.raw.SuckpU21,hvac.fact_raw.payload_json.raw.SuckpU21
SpU21,signal.parsed.v1.raw.SpU21,hvac.fact_raw.payload_json.raw.SpU21
EevposU21,signal.parsed.v1.raw.EevposU21,hvac.fact_raw.payload_json.raw.EevposU21
HighpressU21,signal.parsed.v1.raw.HighpressU21,hvac.fact_raw.payload_json.raw.HighpressU21
SasU21,signal.parsed.v1.raw.SasU21,hvac.fact_raw.payload_json.raw.SasU21
IcesU21,signal.parsed.v1.raw.IcesU21,hvac.fact_raw.payload_json.raw.IcesU21
FCpU22,signal.parsed.v1.raw.FCpU22,hvac.fact_raw.payload_json.raw.FCpU22
ICpU22,signal.parsed.v1.raw.ICpU22,hvac.fact_raw.payload_json.raw.ICpU22
VCpU22,signal.parsed.v1.raw.VCpU22,hvac.fact_raw.payload_json.raw.VCpU22
PCpU22,signal.parsed.v1.raw.PCpU22,hvac.fact_raw.payload_json.raw.PCpU22
SucktU22,signal.parsed.v1.raw.SucktU22,hvac.fact_raw.payload_json.raw.SucktU22
SuckpU22,signal.parsed.v1.raw.SuckpU22,hvac.fact_raw.payload_json.raw.SuckpU22
SpU22,signal.parsed.v1.raw.SpU22,hvac.fact_raw.payload_json.raw.SpU22
EevposU22,signal.parsed.v1.raw.EevposU22,hvac.fact_raw.payload_json.raw.EevposU22
HighpressU22,signal.parsed.v1.raw.HighpressU22,hvac.fact_raw.payload_json.raw.HighpressU22
SasU22,signal.parsed.v1.raw.SasU22,hvac.fact_raw.payload_json.raw.SasU22
IcesU22,signal.parsed.v1.raw.IcesU22,hvac.fact_raw.payload_json.raw.IcesU22
IgRsv34,signal.parsed.v1.raw.IgRsv34,hvac.fact_raw.payload_json.raw.IgRsv34
IgRsv35,signal.parsed.v1.raw.IgRsv35,hvac.fact_raw.payload_json.raw.IgRsv35
IgRsv36,signal.parsed.v1.raw.IgRsv36,hvac.fact_raw.payload_json.raw.IgRsv36
IgRsv37,signal.parsed.v1.raw.IgRsv37,hvac.fact_raw.payload_json.raw.IgRsv37
IEfU11,signal.parsed.v1.raw.IEfU11,hvac.fact_raw.payload_json.raw.IEfU11
IEfU12,signal.parsed.v1.raw.IEfU12,hvac.fact_raw.payload_json.raw.IEfU12
ICfU11,signal.parsed.v1.raw.ICfU11,hvac.fact_raw.payload_json.raw.ICfU11
ICfU12,signal.parsed.v1.raw.ICfU12,hvac.fact_raw.payload_json.raw.ICfU12
IEfU21,signal.parsed.v1.raw.IEfU21,hvac.fact_raw.payload_json.raw.IEfU21
IEfU22,signal.parsed.v1.raw.IEfU22,hvac.fact_raw.payload_json.raw.IEfU22
ICfU21,signal.parsed.v1.raw.ICfU21,hvac.fact_raw.payload_json.raw.ICfU21
ICfU22,signal.parsed.v1.raw.ICfU22,hvac.fact_raw.payload_json.raw.ICfU22
IHvacU1,signal.parsed.v1.raw.IHvacU1,hvac.fact_raw.payload_json.raw.IHvacU1
IHvacU2,signal.parsed.v1.raw.IHvacU2,hvac.fact_raw.payload_json.raw.IHvacU2
IExufan,signal.parsed.v1.raw.IExufan,hvac.fact_raw.payload_json.raw.IExufan
IgRsv38,signal.parsed.v1.raw.IgRsv38,hvac.fact_raw.payload_json.raw.IgRsv38
IgRsv39,signal.parsed.v1.raw.IgRsv39,hvac.fact_raw.payload_json.raw.IgRsv39
Dwpower,signal.parsed.v1.raw.Dwpower,hvac.fact_raw.payload_json.raw.Dwpower
DwemergOpTm,signal.parsed.v1.raw.DwemergOpTm,hvac.fact_raw.payload_json.raw.DwemergOpTm
DwemergOpCnt,signal.parsed.v1.raw.DwemergOpCnt,hvac.fact_raw.payload_json.raw.DwemergOpCnt
DwefOpTmU11,signal.parsed.v1.raw.DwefOpTmU11,hvac.fact_raw.payload_json.raw.DwefOpTmU11
IgRsv40,signal.parsed.v1.raw.IgRsv40,hvac.fact_raw.payload_json.raw.IgRsv40
DwcfOpTmU11,signal.parsed.v1.raw.DwcfOpTmU11,hvac.fact_raw.payload_json.raw.DwcfOpTmU11
IgRsv41,signal.parsed.v1.raw.IgRsv41,hvac.fact_raw.payload_json.raw.IgRsv41
DwcpOpTmU11,signal.parsed.v1.raw.DwcpOpTmU11,hvac.fact_raw.payload_json.raw.DwcpOpTmU11
DwcpOpTmU12,signal.parsed.v1.raw.DwcpOpTmU12,hvac.fact_raw.payload_json.raw.DwcpOpTmU12
IgRsv42,signal.parsed.v1.raw.IgRsv42,hvac.fact_raw.payload_json.raw.IgRsv42
IgRsv43,signal.parsed.v1.raw.IgRsv43,hvac.fact_raw.payload_json.raw.IgRsv43
DwfadOpCntU1,signal.parsed.v1.raw.DwfadOpCntU1,hvac.fact_raw.payload_json.raw.DwfadOpCntU1
DwradOpCntU1,signal.parsed.v1.raw.DwradOpCntU1,hvac.fact_raw.payload_json.raw.DwradOpCntU1
DwefOpCntU11,signal.parsed.v1.raw.DwefOpCntU11,hvac.fact_raw.payload_json.raw.DwefOpCntU11
IgRsv44,signal.parsed.v1.raw.IgRsv44,hvac.fact_raw.payload_json.raw.IgRsv44
DwcfOpCntU11,signal.parsed.v1.raw.DwcfOpCntU11,hvac.fact_raw.payload_json.raw.DwcfOpCntU11
IgRsv45,signal.parsed.v1.raw.IgRsv45,hvac.fact_raw.payload_json.raw.IgRsv45
DwcpOpCntU11,signal.parsed.v1.raw.DwcpOpCntU11,hvac.fact_raw.payload_json.raw.DwcpOpCntU11
DwcpOpCntU12,signal.parsed.v1.raw.DwcpOpCntU12,hvac.fact_raw.payload_json.raw.DwcpOpCntU12
IgRsv46,signal.parsed.v1.raw.IgRsv46,hvac.fact_raw.payload_json.raw.IgRsv46
IgRsv47,signal.parsed.v1.raw.IgRsv47,hvac.fact_raw.payload_json.raw.IgRsv47
DwefOpTmU21,signal.parsed.v1.raw.DwefOpTmU21,hvac.fact_raw.payload_json.raw.DwefOpTmU21
IgRsv48,signal.parsed.v1.raw.IgRsv48,hvac.fact_raw.payload_json.raw.IgRsv48
DwcfOpTmU21,signal.parsed.v1.raw.DwcfOpTmU21,hvac.fact_raw.payload_json.raw.DwcfOpTmU21
IgRsv49,signal.parsed.v1.raw.IgRsv49,hvac.fact_raw.payload_json.raw.IgRsv49
DwcpOpTmU21,signal.parsed.v1.raw.DwcpOpTmU21,hvac.fact_raw.payload_json.raw.DwcpOpTmU21
DwcpOpTmU22,signal.parsed.v1.raw.DwcpOpTmU22,hvac.fact_raw.payload_json.raw.DwcpOpTmU22
IgRsv50,signal.parsed.v1.raw.IgRsv50,hvac.fact_raw.payload_json.raw.IgRsv50
IgRsv51,signal.parsed.v1.raw.IgRsv51,hvac.fact_raw.payload_json.raw.IgRsv51
DwfadOpCntU2,signal.parsed.v1.raw.DwfadOpCntU2,hvac.fact_raw.payload_json.raw.DwfadOpCntU2
DwradOpCntU2,signal.parsed.v1.raw.DwradOpCntU2,hvac.fact_raw.payload_json.raw.DwradOpCntU2
DwefOpCntU21,signal.parsed.v1.raw.DwefOpCntU21,hvac.fact_raw.payload_json.raw.DwefOpCntU21
IgRsv52,signal.parsed.v1.raw.IgRsv52,hvac.fact_raw.payload_json.raw.IgRsv52
DwcfOpCntU21,signal.parsed.v1.raw.DwcfOpCntU21,hvac.fact_raw.payload_json.raw.DwcfOpCntU21
IgRsv53,signal.parsed.v1.raw.IgRsv53,hvac.fact_raw.payload_json.raw.IgRsv53
DwcpOpCntU21,signal.parsed.v1.raw.DwcpOpCntU21,hvac.fact_raw.payload_json.raw.DwcpOpCntU21
DwcpOpCntU22,signal.parsed.v1.raw.DwcpOpCntU22,hvac.fact_raw.payload_json.raw.DwcpOpCntU22
IgRsv54,signal.parsed.v1.raw.IgRsv54,hvac.fact_raw.payload_json.raw.IgRsv54
IgRsv55,signal.parsed.v1.raw.IgRsv55,hvac.fact_raw.payload_json.raw.IgRsv55
DwexufanOpTm,signal.parsed.v1.raw.DwexufanOpTm,hvac.fact_raw.payload_json.raw.DwexufanOpTm
DwexufanOpCnt,signal.parsed.v1.raw.DwexufanOpCnt,hvac.fact_raw.payload_json.raw.DwexufanOpCnt
DwdmpexuOpCnt,signal.parsed.v1.raw.DwdmpexuOpCnt,hvac.fact_raw.payload_json.raw.DwdmpexuOpCnt
IgRsv56,signal.parsed.v1.raw.IgRsv56,hvac.fact_raw.payload_json.raw.IgRsv56
IgRsv57,signal.parsed.v1.raw.IgRsv57,hvac.fact_raw.payload_json.raw.IgRsv57
IgRsv58,signal.parsed.v1.raw.IgRsv58,hvac.fact_raw.payload_json.raw.IgRsv58
IgRsv59,signal.parsed.v1.raw.IgRsv59,hvac.fact_raw.payload_json.raw.IgRsv59
IgRsv60,signal.parsed.v1.raw.IgRsv60,hvac.fact_raw.payload_json.raw.IgRsv60
IgRsv61,signal.parsed.v1.raw.IgRsv61,hvac.fact_raw.payload_json.raw.IgRsv61
IgRsv62,signal.parsed.v1.raw.IgRsv62,hvac.fact_raw.payload_json.raw.IgRsv62
IgRsv63,signal.parsed.v1.raw.IgRsv63,hvac.fact_raw.payload_json.raw.IgRsv63
IgRsv64,signal.parsed.v1.raw.IgRsv64,hvac.fact_raw.payload_json.raw.IgRsv64
IgRsv65,signal.parsed.v1.raw.IgRsv65,hvac.fact_raw.payload_json.raw.IgRsv65
IgRsv66,signal.parsed.v1.raw.IgRsv66,hvac.fact_raw.payload_json.raw.IgRsv66
IgRsv67,signal.parsed.v1.raw.IgRsv67,hvac.fact_raw.payload_json.raw.IgRsv67
IgRsv68,signal.parsed.v1.raw.IgRsv68,hvac.fact_raw.payload_json.raw.IgRsv68
DmpExuPos,signal.parsed.v1.raw.DmpExuPos,hvac.fact_raw.payload_json.raw.DmpExuPos
StartStation,signal.parsed.v1.raw.StartStation,hvac.fact_raw.payload_json.raw.StartStation
TerminalStation,signal.parsed.v1.raw.TerminalStation,hvac.fact_raw.payload_json.raw.TerminalStation
CurStation,signal.parsed.v1.raw.CurStation,hvac.fact_raw.payload_json.raw.CurStation
NextStation,signal.parsed.v1.raw.NextStation,hvac.fact_raw.payload_json.raw.NextStation
